transform,seed,epoch,val_f1_at_0.5,val_f1_oracle_thr,oracle_thr,picked_thr_le32,holdout_f1_at_0.5,holdout_f1_at_picked_thr,late_oracle_f1,late_oracle_thr,fold_s34_at_0.5,fold_s34_at_thr_from_s33,fold_s33_at_0.5,fold_s33_at_thr_from_s34,n_val,n_val_illicit
standardize,0,0,0.604286,0.873043,0.95298,0.95298,0.401408,0.660377,0.672727,0.951604,0.380952,0.571429,0.442105,0.653846,3513,591
standardize,0,1,0.68371,0.894057,0.977104,0.973421,0.502283,0.672727,0.705882,0.985513,0.47619,0.607143,0.555556,0.820513,3513,591
standardize,0,2,0.729233,0.885813,0.980362,0.980362,0.53202,0.614035,0.653846,0.897941,0.507463,0.512821,0.57971,0.716981,3513,591
standardize,0,3,0.87747,0.89592,0.745195,0.9074,0.740741,0.673267,0.786885,0.721308,0.705882,0.717949,0.8,0.883721,3513,591
standardize,0,4,0.783448,0.897785,0.982474,0.982474,0.62069,0.684685,0.769231,0.941957,0.607143,0.583333,0.645161,0.844444,3513,591
standardize,0,5,0.808541,0.886033,0.961445,0.961445,0.646707,0.661017,0.741259,0.859595,0.596491,0.629213,0.754717,0.888889,3513,591
standardize,0,6,0.756721,0.913386,0.99285,0.99285,0.635838,0.745098,0.80303,0.969321,0.630631,0.642857,0.645161,0.791667,3513,591
standardize,0,7,0.766667,0.914238,0.984414,0.989935,0.627907,0.738739,0.821705,0.967711,0.625,0.753247,0.633333,0.826087,3513,591
standardize,0,8,0.858905,0.892888,0.932873,0.932873,0.737589,0.672414,0.761194,0.690312,0.673684,0.680851,0.869565,0.883721,3513,591
standardize,0,9,0.840324,0.91308,0.953628,0.95601,0.739726,0.809917,0.829268,0.953628,0.721649,0.62069,0.77551,0.844444,3513,591
standardize,0,10,0.895816,0.904884,0.801126,0.782557,0.796748,0.79646,0.803571,0.826321,0.75,0.75,0.883721,0.85,3513,591
standardize,0,11,0.790698,0.913265,0.987833,0.990003,0.6875,0.796296,0.857143,0.982803,0.727273,0.730159,0.622951,0.826087,3513,591
standardize,0,12,0.913413,0.91646,0.235267,0.773355,0.814815,0.803922,0.859504,0.158209,0.769231,0.733333,0.883721,0.844444,3513,591
standardize,0,13,0.902058,0.915579,0.859478,0.713255,0.823529,0.810345,0.844037,0.86119,0.8,0.818182,0.863636,0.844444,3513,591
standardize,0,14,0.895935,0.914634,0.951554,0.941801,0.77686,0.745455,0.789916,0.810357,0.717949,0.657143,0.883721,0.904762,3513,591
standardize,0,15,0.89689,0.918281,0.699015,0.834563,0.793388,0.803419,0.813559,0.717349,0.74359,0.657143,0.883721,0.8,3513,591
standardize,0,16,0.914043,0.917023,0.60404,0.557761,0.869565,0.869565,0.890756,0.179712,0.849315,0.868421,0.904762,0.904762,3513,591
standardize,0,17,0.856278,0.930353,0.978239,0.978239,0.759124,0.875,0.875,0.985025,0.758621,0.84058,0.76,0.904762,3513,591
standardize,0,18,0.888013,0.915167,0.962688,0.962688,0.8,0.767857,0.806452,0.819813,0.776471,0.645161,0.844444,0.844444,3513,591
standardize,0,19,0.907482,0.92691,0.820884,0.936159,0.834646,0.807339,0.883333,0.843159,0.839506,0.642857,0.826087,0.844444,3513,591
standardize,0,20,0.88749,0.921783,0.948978,0.948978,0.748201,0.784,0.790323,0.958353,0.709677,0.575758,0.826087,0.883721,3513,591
standardize,0,21,0.888889,0.922145,0.984251,0.980214,0.824427,0.759259,0.837209,0.607876,0.823529,0.644068,0.826087,0.826087,3513,591
standardize,0,22,0.892772,0.915952,0.962161,0.962161,0.77037,0.773109,0.784615,0.662838,0.727273,0.684932,0.851064,0.851064,3513,591
standardize,0,23,0.890523,0.896266,0.744077,0.796686,0.671533,0.651515,0.676259,0.478661,0.580645,0.511628,0.863636,0.727273,3513,591
standardize,0,24,0.852875,0.912898,0.958391,0.972345,0.848485,0.824561,0.875,0.730249,0.878049,0.738462,0.8,0.833333,3513,591
standardize,0,25,0.893617,0.906621,0.767038,0.767038,0.734375,0.743802,0.752,0.723954,0.658824,0.588235,0.883721,0.904762,3513,591
standardize,0,26,0.896114,0.927039,0.961035,0.961035,0.80315,0.792453,0.823529,0.806036,0.780488,0.71875,0.844444,0.844444,3513,591
standardize,0,27,0.90834,0.913265,0.818692,0.818692,0.755906,0.728814,0.774194,0.574667,0.674699,0.7,0.909091,0.754717,3513,591
standardize,0,28,0.855422,0.923997,0.984105,0.984105,0.748201,0.842105,0.854701,0.975192,0.75,0.833333,0.745098,0.863636,3513,591
standardize,0,29,0.912134,0.92201,0.867005,0.867005,0.837607,0.830189,0.837607,0.53933,0.821918,0.776119,0.863636,0.863636,3513,591
standardize,0,30,0.866972,0.910823,0.981676,0.935919,0.755245,0.793651,0.818182,0.887382,0.76087,0.724638,0.745098,0.808511,3513,591
standardize,0,31,0.911056,0.915966,0.59666,0.59666,0.77686,0.783333,0.806452,0.414631,0.746667,0.688525,0.826087,0.808511,3513,591
standardize,0,32,0.898621,0.914479,0.902951,0.903118,0.705036,0.704,0.725926,0.677713,0.631579,0.571429,0.863636,0.791667,3513,591
standardize,0,33,0.906752,0.93066,0.787612,0.921655,0.84127,0.849558,0.881356,0.880594,0.860759,0.818182,0.808511,0.883721,3513,591
standardize,0,34,0.906149,0.914191,0.671088,0.833818,0.779412,0.722689,0.785185,0.560478,0.764045,0.657895,0.808511,0.808511,3513,591
standardize,0,35,0.914523,0.930676,0.93178,0.927165,0.806723,0.807339,0.821429,0.867104,0.773333,0.677966,0.863636,0.844444,3513,591
standardize,0,36,0.887267,0.901861,0.910766,0.910766,0.716418,0.736,0.736,0.914306,0.651685,0.641975,0.844444,0.769231,3513,591
standardize,0,37,0.912223,0.92987,0.925655,0.925655,0.803279,0.818182,0.837607,0.673541,0.8,0.7,0.808511,0.791667,3513,591
standardize,0,38,0.906149,0.920553,0.935066,0.939837,0.776119,0.775862,0.8,0.928292,0.741573,0.72973,0.844444,0.863636,3513,591
standardize,0,39,0.89427,0.917175,0.955132,0.899487,0.772727,0.789916,0.814159,0.957839,0.727273,0.724638,0.863636,0.826087,3513,591
standardize,1,0,0.584711,0.749811,0.893294,0.89364,0.369565,0.6,0.641221,0.914597,0.349206,0.545455,0.413793,0.641509,3513,591
standardize,1,1,0.785764,0.890062,0.933868,0.933868,0.539326,0.685185,0.714286,0.917367,0.527273,0.566038,0.558824,0.734694,3513,591
standardize,1,2,0.84985,0.88559,0.925223,0.89247,0.654088,0.684211,0.709677,0.842916,0.653465,0.610169,0.655172,0.703704,3513,591
standardize,1,3,0.872757,0.882302,0.800615,0.843376,0.723077,0.692308,0.740157,0.546614,0.691358,0.630137,0.77551,0.76,3513,591
standardize,1,4,0.823785,0.890026,0.942887,0.942887,0.638554,0.715447,0.737589,0.838412,0.641509,0.566667,0.633333,0.716981,3513,591
standardize,1,5,0.871355,0.879934,0.240374,0.269859,0.666667,0.661654,0.70073,0.240374,0.582278,0.582278,0.818182,0.808511,3513,591
standardize,1,6,0.861611,0.890034,0.921306,0.899217,0.706667,0.730159,0.747967,0.925318,0.66,0.584615,0.8,0.837209,3513,591
standardize,1,7,0.86875,0.901266,0.90249,0.90249,0.732394,0.806452,0.823529,0.940272,0.725275,0.721311,0.745098,0.791667,3513,591
standardize,1,8,0.838279,0.891892,0.973576,0.974466,0.643275,0.722689,0.755245,0.893722,0.636364,0.581818,0.655738,0.77551,3513,591
standardize,1,9,0.876265,0.908469,0.950713,0.949932,0.782609,0.842105,0.854701,0.916365,0.786517,0.787879,0.77551,0.883721,3513,591
standardize,1,10,0.878668,0.901503,0.832726,0.832726,0.744828,0.775194,0.779661,0.89809,0.736842,0.65625,0.76,0.818182,3513,591
standardize,1,11,0.850112,0.897925,0.947017,0.947017,0.683544,0.809524,0.822581,0.948105,0.653846,0.775,0.740741,0.883721,3513,591
standardize,1,12,0.888152,0.889627,0.519231,0.519452,0.744186,0.734375,0.752,0.604591,0.690476,0.611111,0.844444,0.808511,3513,591
standardize,1,13,0.874701,0.887755,0.857599,0.884136,0.719424,0.72,0.763359,0.779462,0.673913,0.607595,0.808511,0.844444,3513,591
standardize,1,14,0.86109,0.895425,0.849218,0.830735,0.732394,0.787402,0.823529,0.944669,0.741573,0.810811,0.716981,0.826087,3513,591
standardize,1,15,0.864275,0.895674,0.923326,0.885484,0.729927,0.793388,0.806723,0.941575,0.696629,0.739726,0.791667,0.863636,3513,591
standardize,1,16,0.89701,0.898502,0.54092,0.54092,0.757576,0.763359,0.787402,0.833058,0.704545,0.647887,0.863636,0.863636,3513,591
standardize,1,17,0.757895,0.858814,0.994245,0.99491,0.572917,0.589928,0.641975,0.975529,0.525547,0.505051,0.690909,0.745098,3513,591
standardize,1,18,0.873217,0.883759,0.79797,0.79797,0.8125,0.809917,0.818898,0.54996,0.814815,0.711864,0.808511,0.808511,3513,591
standardize,1,19,0.881188,0.891962,0.824269,0.824269,0.822581,0.839286,0.862069,0.760904,0.820513,0.786885,0.826087,0.837209,3513,591
standardize,1,20,0.796411,0.881738,0.979751,0.976881,0.605405,0.680272,0.695652,0.988767,0.55814,0.613861,0.714286,0.837209,3513,591
standardize,1,21,0.901639,0.901639,0.516749,0.847084,0.806452,0.785714,0.809524,0.438689,0.794872,0.735294,0.826087,0.808511,3513,591
standardize,1,22,0.874404,0.895973,0.900112,0.900112,0.68,0.716418,0.725806,0.961826,0.609524,0.625,0.844444,0.820513,3513,591
standardize,1,23,0.886957,0.917016,0.937953,0.937953,0.781955,0.842975,0.862069,0.960824,0.758621,0.820513,0.826087,0.878049,3513,591
standardize,1,24,0.881009,0.905785,0.932971,0.932971,0.684564,0.733813,0.744526,0.952764,0.621359,0.659091,0.826087,0.883721,3513,591
standardize,1,25,0.893287,0.896673,0.715855,0.715855,0.828829,0.825688,0.859649,0.427193,0.811594,0.811594,0.857143,0.857143,3513,591
standardize,1,26,0.884555,0.919598,0.940792,0.940792,0.785185,0.857143,0.857143,0.943261,0.781609,0.757576,0.791667,0.863636,3513,591
standardize,1,27,0.896791,0.89913,0.532622,0.532622,0.824561,0.831858,0.844037,0.691486,0.8,0.8125,0.863636,0.745098,3513,591
standardize,1,28,0.902655,0.919234,0.827672,0.914797,0.777778,0.778761,0.813559,0.74321,0.789474,0.655172,0.76,0.745098,3513,591
standardize,1,29,0.879815,0.922056,0.914307,0.914307,0.737589,0.8,0.8,0.922121,0.725275,0.72973,0.76,0.818182,3513,591
standardize,1,30,0.8976,0.917508,0.935711,0.906765,0.793893,0.842975,0.864407,0.949293,0.814815,0.78125,0.76,0.844444,3513,591
standardize,1,31,0.915117,0.923461,0.838686,0.857649,0.852459,0.844828,0.864407,0.849929,0.868421,0.816901,0.826087,0.826087,3513,591
standardize,1,32,0.888333,0.901042,0.884629,0.884629,0.836066,0.864865,0.871795,0.772996,0.842105,0.857143,0.826087,0.863636,3513,591
standardize,1,33,0.917009,0.925347,0.960402,0.967508,0.840336,0.833333,0.852174,0.915837,0.826667,0.769231,0.863636,0.863636,3513,591
standardize,1,34,0.913295,0.914191,0.49931,0.784841,0.85,0.837607,0.859504,0.459574,0.820513,0.831169,0.904762,0.904762,3513,591
standardize,1,35,0.837416,0.873055,0.981601,0.981601,0.615385,0.639456,0.657895,0.971113,0.554622,0.54902,0.76,0.837209,3513,591
standardize,1,36,0.872894,0.909705,0.974369,0.983264,0.76259,0.852174,0.864407,0.976337,0.8,0.80597,0.703704,0.863636,3513,591
standardize,1,37,0.916803,0.923465,0.796519,0.752904,0.822581,0.840336,0.877193,0.946886,0.820513,0.818182,0.826087,0.863636,3513,591
standardize,1,38,0.929766,0.929766,0.513242,0.513242,0.833333,0.833333,0.833333,0.543154,0.805195,0.782609,0.883721,0.883721,3513,591
standardize,1,39,0.905597,0.91234,0.659549,0.659549,0.768,0.762712,0.780488,0.538081,0.707317,0.694444,0.883721,0.883721,3513,591
standardize,2,0,0.675481,0.788382,0.850413,0.821849,0.4329,0.65625,0.702128,0.931173,0.405405,0.54902,0.481928,0.680851,3513,591
standardize,2,1,0.688583,0.874062,0.969902,0.954405,0.468085,0.70229,0.757282,0.982678,0.448718,0.576923,0.506329,0.734694,3513,591
standardize,2,2,0.679223,0.862511,0.976745,0.976745,0.525346,0.803571,0.803571,0.977076,0.536232,0.54902,0.506329,0.782609,3513,591
standardize,2,3,0.73955,0.888703,0.97597,0.97597,0.556701,0.754386,0.754386,0.977173,0.535433,0.694444,0.597015,0.829268,3513,591
standardize,2,4,0.837416,0.899917,0.884983,0.910452,0.688312,0.767857,0.793103,0.902155,0.680412,0.69697,0.701754,0.909091,3513,591
standardize,2,5,0.818773,0.895973,0.97302,0.9755,0.616279,0.694215,0.709677,0.97302,0.6,0.60274,0.645161,0.769231,3513,591
standardize,2,6,0.882117,0.903061,0.822373,0.822373,0.728682,0.777778,0.777778,0.85894,0.682927,0.676056,0.808511,0.857143,3513,591
standardize,2,7,0.834201,0.888703,0.925049,0.925049,0.607143,0.646154,0.694215,0.961071,0.54386,0.533333,0.740741,0.883721,3513,591
standardize,2,8,0.828842,0.909405,0.983357,0.983357,0.675325,0.8,0.824561,0.967068,0.647059,0.741935,0.730769,0.883721,3513,591
standardize,2,9,0.823529,0.909716,0.980485,0.980529,0.6875,0.814815,0.836364,0.978424,0.693069,0.54902,0.677966,0.826087,3513,591
standardize,2,10,0.861727,0.907113,0.906327,0.967572,0.757143,0.766355,0.852174,0.941383,0.731183,0.794118,0.808511,0.863636,3513,591
standardize,2,11,0.864122,0.91031,0.941977,0.95958,0.69863,0.758621,0.773109,0.945665,0.659794,0.637681,0.77551,0.863636,3513,591
standardize,2,12,0.904177,0.916595,0.901805,0.773584,0.8,0.824561,0.859813,0.901805,0.773333,0.724138,0.844444,0.904762,3513,591
standardize,2,13,0.892063,0.921769,0.934753,0.869067,0.763359,0.803419,0.841121,0.965039,0.765432,0.766667,0.76,0.904762,3513,591
standardize,2,14,0.894569,0.907534,0.928164,0.86805,0.816,0.806723,0.834951,0.974503,0.820513,0.724138,0.808511,0.808511,3513,591
standardize,2,15,0.848348,0.923208,0.977691,0.977691,0.713287,0.807339,0.818182,0.97264,0.695652,0.688525,0.745098,0.883721,3513,591
standardize,2,16,0.864782,0.907814,0.988694,0.98887,0.69863,0.742857,0.763636,0.977875,0.695652,0.676471,0.703704,0.730769,3513,591
standardize,2,17,0.852853,0.906355,0.945426,0.946424,0.666667,0.747967,0.771654,0.918632,0.622642,0.690476,0.76,0.904762,3513,591
standardize,2,18,0.882353,0.905852,0.960334,0.953637,0.685714,0.693548,0.719298,0.989797,0.617021,0.591549,0.826087,0.826087,3513,591
standardize,2,19,0.881301,0.882018,0.55566,0.979078,0.676471,0.618182,0.691729,0.631223,0.593407,0.533333,0.844444,0.844444,3513,591
standardize,2,20,0.899838,0.909728,0.899437,0.923421,0.83871,0.826923,0.869565,0.708423,0.814815,0.8125,0.883721,0.904762,3513,591
standardize,2,21,0.903595,0.908319,0.886382,0.886382,0.822581,0.824561,0.836364,0.915871,0.8,0.8,0.863636,0.829268,3513,591
standardize,2,22,0.885012,0.904844,0.935315,0.846421,0.735294,0.760331,0.788991,0.945871,0.704545,0.571429,0.791667,0.863636,3513,591
standardize,2,23,0.888696,0.89673,0.439235,0.439235,0.754717,0.754717,0.837607,0.242426,0.676923,0.735294,0.878049,0.904762,3513,591
standardize,2,24,0.829619,0.914624,0.992961,0.992961,0.670732,0.840336,0.859649,0.994516,0.685714,0.826667,0.644068,0.857143,3513,591
standardize,2,25,0.90223,0.905724,0.263054,0.263054,0.727273,0.732143,0.738739,0.338174,0.636364,0.5,0.863636,0.808511,3513,591
standardize,2,26,0.901478,0.912786,0.795579,0.795579,0.852174,0.875,0.875,0.849897,0.833333,0.84058,0.883721,0.904762,3513,591
standardize,2,27,0.8854,0.908326,0.951735,0.951735,0.806202,0.820513,0.839286,0.982139,0.846154,0.654545,0.745098,0.808511,3513,591
standardize,2,28,0.904762,0.915371,0.919014,0.905044,0.79661,0.844037,0.851852,0.919014,0.767123,0.666667,0.844444,0.904762,3513,591
standardize,2,29,0.915423,0.919966,0.694353,0.556935,0.840336,0.840336,0.877193,0.75555,0.805195,0.7,0.904762,0.904762,3513,591
standardize,2,30,0.87017,0.905464,0.988837,0.988837,0.697987,0.727273,0.769231,0.93243,0.66,0.623377,0.77551,0.904762,3513,591
standardize,2,31,0.906644,0.910345,0.844018,0.844018,0.859649,0.854545,0.871795,0.354246,0.84507,0.848485,0.883721,0.863636,3513,591
standardize,2,32,0.907453,0.917165,0.839028,0.823775,0.825397,0.854701,0.877193,0.853846,0.804878,0.787879,0.863636,0.904762,3513,591
standardize,2,33,0.896839,0.903666,0.765618,0.765618,0.738462,0.747967,0.761905,0.738963,0.666667,0.613333,0.883721,0.883721,3513,591
standardize,2,34,0.898263,0.911612,0.902902,0.792064,0.763359,0.806452,0.857143,0.97593,0.72093,0.688525,0.844444,0.883721,3513,591
standardize,2,35,0.906487,0.91113,0.786894,0.786894,0.771654,0.754098,0.777778,0.528309,0.714286,0.60274,0.883721,0.883721,3513,591
standardize,2,36,0.917155,0.919966,0.58616,0.549918,0.847458,0.854701,0.875,0.923662,0.837838,0.8,0.863636,0.883721,3513,591
standardize,2,37,0.895154,0.904132,0.052463,0.060808,0.757282,0.810345,0.826446,0.040861,0.709677,0.764706,0.829268,0.826087,3513,591
standardize,2,38,0.891761,0.90411,0.915499,0.828057,0.707692,0.715447,0.745763,0.94353,0.650602,0.676471,0.808511,0.818182,3513,591
standardize,2,39,0.898126,0.90893,0.991242,0.994238,0.768,0.784314,0.807692,0.992548,0.734177,0.711864,0.826087,0.791667,3513,591
rank_gauss,0,0,0.626753,0.882852,0.969538,0.960139,0.4,0.708661,0.761062,0.976607,0.426036,0.666667,0.358491,0.765957,3513,591
rank_gauss,0,1,0.706095,0.893836,0.982641,0.973693,0.524887,0.766917,0.854545,0.991587,0.564885,0.678571,0.466667,0.837209,3513,591
rank_gauss,0,2,0.852584,0.891869,0.879185,0.8725,0.709677,0.787879,0.851852,0.991849,0.714286,0.806452,0.701754,0.857143,3513,591
rank_gauss,0,3,0.908469,0.912191,0.483533,0.483533,0.775194,0.775194,0.852174,0.952156,0.780488,0.861111,0.765957,0.769231,3513,591
rank_gauss,0,4,0.83161,0.908634,0.918127,0.918127,0.658537,0.753846,0.810811,0.985123,0.660194,0.794872,0.655738,0.717949,3513,591
rank_gauss,0,5,0.828385,0.917667,0.976647,0.97353,0.643678,0.777778,0.837607,0.989615,0.654206,0.837838,0.626866,0.647059,3513,591
rank_gauss,0,6,0.812139,0.884354,0.92914,0.92914,0.639053,0.78125,0.838095,0.994268,0.635514,0.831169,0.645161,0.685714,3513,591
rank_gauss,0,7,0.846154,0.925831,0.954811,0.976138,0.623529,0.752137,0.770642,0.994062,0.618182,0.746988,0.633333,0.648649,3513,591
rank_gauss,0,8,0.900085,0.900855,0.515849,0.515849,0.747967,0.747967,0.807339,0.960609,0.761905,0.771084,0.717949,0.628571,3513,591
rank_gauss,0,9,0.912097,0.915225,0.46683,0.46683,0.745763,0.745763,0.788991,0.956451,0.775,0.741573,0.684211,0.666667,3513,591
rank_gauss,0,10,0.906149,0.928014,0.932779,0.928928,0.684932,0.752137,0.764228,0.850309,0.646465,0.712644,0.765957,0.628571,3513,591
rank_gauss,0,11,0.893344,0.919481,0.921588,0.921588,0.759124,0.745763,0.792793,0.986986,0.752941,0.756098,0.769231,0.666667,3513,591
rank_gauss,0,12,0.902905,0.92321,0.872935,0.872935,0.671756,0.722689,0.785047,0.992233,0.681319,0.769231,0.65,0.666667,3513,591
rank_gauss,0,13,0.908497,0.926913,0.831948,0.724066,0.725926,0.736,0.796296,0.975453,0.704545,0.696629,0.765957,0.666667,3513,591
rank_gauss,0,14,0.9053,0.90625,0.49348,0.49348,0.816667,0.816667,0.830508,0.861121,0.815789,0.826667,0.818182,0.628571,3513,591
rank_gauss,0,15,0.8933,0.907359,0.748351,0.634142,0.784615,0.80315,0.842975,0.825353,0.780488,0.815789,0.791667,0.685714,3513,591
rank_gauss,0,16,0.866946,0.879025,0.725641,0.725641,0.708661,0.75,0.807692,0.989762,0.756098,0.833333,0.622222,0.685714,3513,591
rank_gauss,0,17,0.891892,0.939471,0.960063,0.980431,0.675497,0.779661,0.803279,0.951354,0.62,0.789474,0.784314,0.666667,3513,591
rank_gauss,0,18,0.935702,0.940671,0.766351,0.589528,0.771654,0.777778,0.846847,0.956668,0.756098,0.8,0.8,0.820513,3513,591
rank_gauss,0,19,0.930641,0.93554,0.364339,0.06427,0.823529,0.790323,0.846847,0.980622,0.815789,0.833333,0.837209,0.789474,3513,591
rank_gauss,0,20,0.913274,0.927461,0.255049,0.255049,0.702703,0.773109,0.784,0.09785,0.746667,0.740741,0.611111,0.7,3513,591
rank_gauss,0,21,0.925523,0.933792,0.873169,0.814145,0.78125,0.796748,0.8,0.856172,0.756098,0.756098,0.826087,0.647059,3513,591
rank_gauss,0,22,0.912223,0.924138,0.935883,0.920935,0.680851,0.688525,0.754717,0.994472,0.652632,0.64,0.73913,0.647059,3513,591
rank_gauss,0,23,0.924414,0.929991,0.38031,0.164041,0.809917,0.765625,0.842105,0.898497,0.805195,0.837838,0.818182,0.647059,3513,591
rank_gauss,0,24,0.914237,0.915021,0.520151,0.30892,0.809917,0.775194,0.831858,0.880996,0.815789,0.826667,0.8,0.685714,3513,591
rank_gauss,0,25,0.922271,0.928263,0.366775,0.366775,0.823529,0.809917,0.859649,0.965399,0.815789,0.861111,0.837209,0.829268,3513,591
rank_gauss,0,26,0.895884,0.918118,0.970981,0.970981,0.695035,0.722689,0.738739,0.986644,0.652632,0.601942,0.782609,0.611111,3513,591
rank_gauss,0,27,0.915315,0.930519,0.22085,0.106895,0.867257,0.837607,0.867257,0.606224,0.873239,0.873239,0.857143,0.736842,3513,591
rank_gauss,0,28,0.920581,0.922541,0.836668,0.505364,0.796748,0.796748,0.827586,0.836668,0.794872,0.821918,0.8,0.628571,3513,591
rank_gauss,0,29,0.916043,0.925894,0.947425,0.845595,0.784615,0.790323,0.842105,0.98869,0.765432,0.826667,0.816327,0.756757,3513,591
rank_gauss,0,30,0.92953,0.935811,0.583066,0.600148,0.757576,0.744186,0.774194,0.858687,0.72093,0.729412,0.826087,0.611111,3513,591
rank_gauss,0,31,0.929601,0.932766,0.579216,0.579216,0.822581,0.829268,0.867257,0.992437,0.820513,0.861111,0.826087,0.820513,3513,591
rank_gauss,0,32,0.900448,0.909251,0.155028,0.012895,0.852174,0.796992,0.866667,0.155028,0.861111,0.861111,0.837209,0.829268,3513,591
rank_gauss,0,33,0.908612,0.912966,0.637261,0.637261,0.837607,0.844828,0.852174,0.729397,0.837838,0.833333,0.837209,0.826087,3513,591
rank_gauss,0,34,0.921769,0.925322,0.681821,0.648803,0.806452,0.813008,0.826446,0.741068,0.805195,0.810811,0.808511,0.647059,3513,591
rank_gauss,0,35,0.92769,0.935374,0.013158,0.013158,0.827586,0.825397,0.837607,0.342928,0.837838,0.805195,0.809524,0.75,3513,591
rank_gauss,0,36,0.926829,0.939948,0.947223,0.947223,0.775194,0.793103,0.814159,0.982938,0.765432,0.794118,0.791667,0.727273,3513,591
rank_gauss,0,37,0.91944,0.926279,0.329867,0.062563,0.803419,0.796875,0.826446,0.362644,0.789474,0.789474,0.829268,0.863636,3513,591
rank_gauss,0,38,0.910121,0.934564,0.882929,0.882929,0.699301,0.769231,0.79661,0.983939,0.652632,0.738462,0.791667,0.809524,3513,591
rank_gauss,0,39,0.922676,0.925322,0.337069,0.048574,0.836066,0.791045,0.87931,0.932361,0.831169,0.864865,0.844444,0.878049,3513,591
rank_gauss,1,0,0.57958,0.759259,0.914214,0.912499,0.345455,0.617284,0.75,0.972884,0.360976,0.678571,0.32,0.692308,3513,591
rank_gauss,1,1,0.778542,0.882711,0.943087,0.943087,0.574468,0.727273,0.78,0.982062,0.59322,0.701754,0.542857,0.85,3513,591
rank_gauss,1,2,0.783207,0.883843,0.957824,0.948807,0.609626,0.746269,0.846154,0.989326,0.632479,0.825397,0.571429,0.85,3513,591
rank_gauss,1,3,0.890183,0.904514,0.724289,0.648761,0.719424,0.742424,0.821429,0.948516,0.733333,0.8,0.693878,0.829268,3513,591
rank_gauss,1,4,0.880068,0.888889,0.775494,0.534082,0.735294,0.75188,0.793103,0.907535,0.741573,0.779221,0.723404,0.647059,3513,591
rank_gauss,1,5,0.88547,0.886207,0.528677,0.482116,0.76259,0.757143,0.834783,0.920584,0.769231,0.816901,0.75,0.722222,3513,591
rank_gauss,1,6,0.924875,0.932651,0.764967,0.849057,0.746269,0.754098,0.777778,0.764967,0.741573,0.759494,0.755556,0.628571,3513,591
rank_gauss,1,7,0.884211,0.890459,0.54692,0.353382,0.772727,0.728571,0.846154,0.95566,0.767442,0.805195,0.782609,0.685714,3513,591
rank_gauss,1,8,0.929648,0.934483,0.77453,0.58842,0.790698,0.78125,0.796748,0.840929,0.785714,0.769231,0.8,0.685714,3513,591
rank_gauss,1,9,0.923339,0.927637,0.732951,0.419159,0.793893,0.80597,0.840336,0.813908,0.8,0.826667,0.782609,0.736842,3513,591
rank_gauss,1,10,0.926174,0.935043,0.597027,0.597027,0.764706,0.790698,0.806452,0.803244,0.764045,0.78481,0.765957,0.647059,3513,591
rank_gauss,1,11,0.897084,0.905122,0.312189,0.312189,0.746269,0.748201,0.782609,0.953982,0.727273,0.733333,0.782609,0.666667,3513,591
rank_gauss,1,12,0.896147,0.908463,0.656342,0.656342,0.746269,0.793651,0.854701,0.955352,0.719101,0.849315,0.8,0.736842,3513,591
rank_gauss,1,13,0.877285,0.882671,0.714532,0.474671,0.815385,0.80916,0.892857,0.966685,0.843373,0.911765,0.765957,0.857143,3513,591
rank_gauss,1,14,0.891304,0.897785,0.641154,0.641154,0.740741,0.757576,0.833333,0.994955,0.752941,0.826667,0.72,0.8,3513,591
rank_gauss,1,15,0.923465,0.933449,0.898834,0.898834,0.766917,0.790323,0.793388,0.951531,0.758621,0.7,0.782609,0.790698,3513,591
rank_gauss,1,16,0.916256,0.928999,0.890178,0.890178,0.76259,0.8,0.849057,0.996111,0.769231,0.849315,0.75,0.8,3513,591
rank_gauss,1,17,0.899174,0.919201,0.907237,0.804921,0.729927,0.775194,0.867925,0.99601,0.703297,0.849315,0.782609,0.820513,3513,591
rank_gauss,1,18,0.922421,0.924675,0.704378,0.534041,0.80315,0.8,0.842105,0.969211,0.795181,0.815789,0.818182,0.756757,3513,591
rank_gauss,1,19,0.907504,0.911917,0.28198,0.28198,0.790323,0.784,0.859813,0.99486,0.794872,0.837838,0.782609,0.8,3513,591
rank_gauss,1,20,0.888704,0.892888,0.791188,0.638456,0.720588,0.736842,0.8,0.98891,0.696629,0.769231,0.765957,0.628571,3513,591
rank_gauss,1,21,0.926787,0.929066,0.580468,0.512883,0.806452,0.813008,0.844828,0.782076,0.8,0.837838,0.818182,0.666667,3513,591
rank_gauss,1,22,0.914137,0.920105,0.738215,0.217319,0.813008,0.78125,0.872727,0.963004,0.810127,0.837838,0.818182,0.85,3513,591
rank_gauss,1,23,0.926787,0.932174,0.666188,0.456285,0.777778,0.771654,0.803419,0.96109,0.765432,0.794872,0.8,0.628571,3513,591
rank_gauss,1,24,0.920742,0.922034,0.562482,0.562482,0.769231,0.775194,0.820513,0.978116,0.752941,0.8,0.8,0.722222,3513,591
rank_gauss,1,25,0.907018,0.910486,0.183949,0.183949,0.760331,0.744186,0.803571,0.934917,0.75,0.705882,0.780488,0.647059,3513,591
rank_gauss,1,26,0.884343,0.92281,0.951182,0.951182,0.694444,0.803279,0.823529,0.978526,0.680851,0.815789,0.72,0.648649,3513,591
rank_gauss,1,27,0.908118,0.913601,0.042212,0.042212,0.847458,0.80315,0.862069,0.622031,0.864865,0.84507,0.818182,0.837209,3513,591
rank_gauss,1,28,0.927905,0.934483,0.861543,0.861543,0.774194,0.773109,0.814159,0.984942,0.775,0.719101,0.772727,0.769231,3513,591
rank_gauss,1,29,0.913778,0.931389,0.173561,0.145115,0.827586,0.806452,0.857143,0.826157,0.815789,0.815789,0.85,0.820513,3513,591
rank_gauss,1,30,0.929432,0.932409,0.688894,0.688894,0.786885,0.793388,0.836364,0.961283,0.78481,0.84507,0.790698,0.789474,3513,591
rank_gauss,1,31,0.908772,0.912371,0.235674,0.205041,0.816667,0.793651,0.844828,0.914055,0.805195,0.821918,0.837209,0.647059,3513,591
rank_gauss,1,32,0.917416,0.937339,0.955214,0.930028,0.70922,0.755906,0.793388,0.970437,0.688172,0.759494,0.75,0.829268,3513,591
rank_gauss,1,33,0.90455,0.920524,0.207485,0.166347,0.833333,0.836066,0.842975,0.211345,0.820513,0.826667,0.857143,0.647059,3513,591
rank_gauss,1,34,0.904264,0.926582,0.95578,0.910819,0.671233,0.725926,0.807339,0.998025,0.632653,0.8,0.75,0.789474,3513,591
rank_gauss,1,35,0.846212,0.89667,0.97128,0.97128,0.699387,0.769231,0.859813,0.997729,0.666667,0.766667,0.758621,0.829268,3513,591
rank_gauss,1,36,0.912397,0.924956,0.901266,0.887805,0.766917,0.786885,0.810345,0.978398,0.758621,0.783784,0.782609,0.829268,3513,591
rank_gauss,1,37,0.925471,0.939394,0.884397,0.884397,0.740741,0.769231,0.820513,0.995139,0.727273,0.794521,0.765957,0.606061,3513,591
rank_gauss,1,38,0.89726,0.902375,0.80077,0.80077,0.816,0.806452,0.854701,0.971799,0.810127,0.821918,0.826087,0.756757,3513,591
rank_gauss,1,39,0.894239,0.898551,0.404231,0.312683,0.790323,0.775194,0.820513,0.911731,0.775,0.815789,0.818182,0.647059,3513,591
rank_gauss,2,0,0.633663,0.868217,0.953163,0.953163,0.440945,0.737705,0.745455,0.96696,0.465409,0.707692,0.4,0.75,3513,591
rank_gauss,2,1,0.678281,0.892857,0.972897,0.972897,0.466403,0.740157,0.792793,0.988568,0.443114,0.698413,0.511628,0.809524,3513,591
rank_gauss,2,2,0.649036,0.908319,0.988246,0.988246,0.456274,0.723077,0.774775,0.994018,0.418079,0.692308,0.534884,0.769231,3513,591
rank_gauss,2,3,0.735128,0.907308,0.985369,0.980584,0.555556,0.783333,0.846847,0.988585,0.536232,0.823529,0.589744,0.829268,3513,591
rank_gauss,2,4,0.833333,0.910638,0.909853,0.876664,0.629213,0.742424,0.82243,0.990309,0.625,0.80597,0.636364,0.722222,3513,591
rank_gauss,2,5,0.794049,0.822976,0.942462,0.856306,0.658824,0.733813,0.878505,0.982034,0.666667,0.84375,0.646154,0.85,3513,591
rank_gauss,2,6,0.927032,0.93356,0.716417,0.716417,0.731343,0.746032,0.775862,0.882914,0.727273,0.733333,0.73913,0.666667,3513,591
rank_gauss,2,7,0.915781,0.929795,0.791144,0.650917,0.759124,0.75969,0.780952,0.981259,0.772727,0.721649,0.734694,0.75,3513,591
rank_gauss,2,8,0.905941,0.916239,0.742234,0.69639,0.748201,0.778626,0.844037,0.976743,0.755556,0.795181,0.734694,0.647059,3513,591
rank_gauss,2,9,0.792916,0.921888,0.988165,0.988165,0.59,0.752,0.810811,0.995085,0.556391,0.833333,0.656716,0.666667,3513,591
rank_gauss,2,10,0.900084,0.907359,0.752137,0.752137,0.671756,0.704918,0.773585,0.984511,0.704545,0.62069,0.604651,0.628571,3513,591
rank_gauss,2,11,0.897792,0.906223,0.875382,0.547323,0.732394,0.748201,0.793103,0.917989,0.747253,0.761905,0.705882,0.628571,3513,591
rank_gauss,2,12,0.901521,0.926829,0.82642,0.82642,0.68,0.716418,0.736842,0.972336,0.628571,0.628571,0.8,0.648649,3513,591
rank_gauss,2,13,0.923208,0.929748,0.628095,0.631782,0.763359,0.790323,0.8,0.628095,0.758621,0.631579,0.772727,0.790698,3513,591
rank_gauss,2,14,0.925831,0.928571,0.771495,0.606209,0.737705,0.737705,0.763636,0.986468,0.756098,0.709677,0.7,0.666667,3513,591
rank_gauss,2,15,0.886792,0.939236,0.968831,0.968831,0.708333,0.806723,0.818182,0.992784,0.702128,0.805556,0.72,0.8,3513,591
rank_gauss,2,16,0.88747,0.918315,0.939245,0.932205,0.679739,0.775194,0.846847,0.993247,0.673267,0.853333,0.692308,0.685714,3513,591
rank_gauss,2,17,0.911414,0.912821,0.528171,0.462793,0.77686,0.768,0.807339,0.942175,0.8,0.735632,0.731707,0.666667,3513,591
rank_gauss,2,18,0.909241,0.922421,0.826305,0.739943,0.690647,0.717557,0.769231,0.934474,0.659574,0.605505,0.755556,0.571429,3513,591
rank_gauss,2,19,0.926789,0.932189,0.904753,0.904753,0.77037,0.780488,0.793388,0.932106,0.735632,0.735632,0.833333,0.761905,3513,591
rank_gauss,2,20,0.918605,0.921667,0.516704,0.516704,0.781955,0.787879,0.884956,0.953982,0.776471,0.842105,0.791667,0.818182,3513,591
rank_gauss,2,21,0.900433,0.90678,0.303438,0.106641,0.809524,0.764706,0.854545,0.996782,0.790123,0.810127,0.844444,0.8,3513,591
rank_gauss,2,22,0.932642,0.935264,0.351871,0.351871,0.786885,0.774194,0.818182,0.982925,0.78481,0.779221,0.790698,0.736842,3513,591
rank_gauss,2,23,0.910357,0.920398,0.092557,0.106934,0.780488,0.781955,0.836364,0.983115,0.779221,0.774194,0.782609,0.789474,3513,591
rank_gauss,2,24,0.882535,0.935289,0.978813,0.978813,0.654545,0.770492,0.789916,0.985267,0.607143,0.666667,0.754717,0.75,3513,591
rank_gauss,2,25,0.911147,0.92766,0.903228,0.74693,0.713287,0.735294,0.810811,0.99554,0.695652,0.738462,0.745098,0.789474,3513,591
rank_gauss,2,26,0.91354,0.939056,0.903125,0.844833,0.695035,0.768,0.803571,0.974944,0.659574,0.709677,0.765957,0.809524,3513,591
rank_gauss,2,27,0.930743,0.933906,0.787875,0.294752,0.80315,0.791045,0.852174,0.982789,0.790123,0.818182,0.826087,0.829268,3513,591
rank_gauss,2,28,0.908065,0.931034,0.931767,0.931767,0.731034,0.806452,0.830189,0.996083,0.717391,0.78481,0.754717,0.789474,3513,591
rank_gauss,2,29,0.912026,0.94179,0.974927,0.945668,0.712329,0.75,0.839286,0.996383,0.645833,0.673913,0.84,0.829268,3513,591
rank_gauss,2,30,0.908007,0.915432,0.724151,0.576157,0.757576,0.775194,0.851852,0.990618,0.752941,0.826667,0.765957,0.820513,3513,591
rank_gauss,2,31,0.875676,0.932526,0.990732,0.980935,0.638037,0.763359,0.827586,0.996747,0.594595,0.815789,0.730769,0.809524,3513,591
rank_gauss,2,32,0.880705,0.900685,0.937066,0.934875,0.675325,0.732824,0.825688,0.997762,0.647059,0.821918,0.730769,0.769231,3513,591
rank_gauss,2,33,0.927973,0.93482,0.766722,0.766722,0.775194,0.796748,0.831858,0.98623,0.752941,0.78481,0.818182,0.789474,3513,591
rank_gauss,2,34,0.920792,0.923474,0.874714,0.47895,0.73913,0.733813,0.780488,0.926754,0.717391,0.717391,0.782609,0.647059,3513,591
rank_gauss,2,35,0.92053,0.938422,0.91574,0.867903,0.724638,0.786885,0.8,0.972705,0.688172,0.673684,0.8,0.75,3513,591
rank_gauss,2,36,0.930272,0.932526,0.679592,0.364839,0.78125,0.763359,0.837607,0.900945,0.761905,0.820513,0.818182,0.8,3513,591
rank_gauss,2,37,0.90566,0.909716,0.943209,0.943209,0.76259,0.774194,0.825688,0.995687,0.741573,0.741573,0.8,0.702703,3513,591
rank_gauss,2,38,0.922297,0.933563,0.762493,0.762493,0.769231,0.819672,0.819672,0.877921,0.752941,0.805195,0.8,0.789474,3513,591
rank_gauss,2,39,0.893951,0.935177,0.991672,0.991672,0.666667,0.809917,0.824561,0.997507,0.641509,0.821918,0.716981,0.790698,3513,591
