timestamp_utc,run_id,model,phase,config_hash,git_commit,git_dirty,seed,data_snapshot_id,metrics_json,wall_clock_s,notes
2026-07-21T22:16:16.034974+00:00,ell1-20260721T221616Z-7e957080,ell1,P0,ad4b83e77649c20c4aba19e892eebc6f9c99d02dc0fcded466aebf15777c1bd0,ea7868462f77a8f53f16d4d9f672e2074aa45749,true,0,elliptic-kaggle-v1,"{""baseline"":""rf"",""illicit_auc"":0.9396104585817158,""illicit_f1"":0.807235142118863,""illicit_precision"":0.9166666666666666,""illicit_recall"":0.7211449676823638,""n_test"":16670,""n_test_illicit"":1083,""n_train"":29894,""test_window"":""35-49""}",4.052538,ell1 tabular floor: rf
2026-07-21T22:16:20.177249+00:00,ell1-20260721T221620Z-353b97ac,ell1,P0,2e0e7076f3fdee808a965dd2c1befdd59984e3993976cab2b1d43e5cb39ef6bf,ea7868462f77a8f53f16d4d9f672e2074aa45749,true,1,elliptic-kaggle-v1,"{""baseline"":""rf"",""illicit_auc"":0.9386668673689945,""illicit_f1"":0.8024691358024691,""illicit_precision"":0.9059233449477352,""illicit_recall"":0.7202216066481995,""n_test"":16670,""n_test_illicit"":1083,""n_train"":29894,""test_window"":""35-49""}",4.005288,ell1 tabular floor: rf
2026-07-21T22:16:24.273978+00:00,ell1-20260721T221624Z-8277e1a4,ell1,P0,11ae7d104a88ec63a30b401e7d66210bf9120b70888665c97ed2d914d6b10adc,ea7868462f77a8f53f16d4d9f672e2074aa45749,true,2,elliptic-kaggle-v1,"{""baseline"":""rf"",""illicit_auc"":0.939811516344592,""illicit_f1"":0.8078108941418294,""illicit_precision"":0.9107763615295481,""illicit_recall"":0.7257617728531855,""n_test"":16670,""n_test_illicit"":1083,""n_train"":29894,""test_window"":""35-49""}",4.026793,ell1 tabular floor: rf
2026-07-21T22:16:28.393918+00:00,ell1-20260721T221628Z-b794fad3,ell1,P0,c0809056e858f5beb8b2d3d62dcfde4f8b4329ef44fb0d9c2294cec1666beb22,ea7868462f77a8f53f16d4d9f672e2074aa45749,true,0,elliptic-kaggle-v1,"{""baseline"":""lr"",""illicit_auc"":0.8812660608513107,""illicit_f1"":0.3022959183673469,""illicit_precision"":0.18269416072460976,""illicit_recall"":0.8753462603878116,""n_test"":16670,""n_test_illicit"":1083,""n_train"":29894,""test_window"":""35-49""}",1.226195,ell1 tabular floor: lr
2026-07-21T22:16:29.710760+00:00,ell1-20260721T221629Z-518d41da,ell1,P0,c8b59bc943a08793f0410ad218e44676d820cca63743adff366e53c20e118b39,ea7868462f77a8f53f16d4d9f672e2074aa45749,true,1,elliptic-kaggle-v1,"{""baseline"":""lr"",""illicit_auc"":0.8812660608513107,""illicit_f1"":0.3022959183673469,""illicit_precision"":0.18269416072460976,""illicit_recall"":0.8753462603878116,""n_test"":16670,""n_test_illicit"":1083,""n_train"":29894,""test_window"":""35-49""}",1.158538,ell1 tabular floor: lr
2026-07-21T22:16:30.957596+00:00,ell1-20260721T221630Z-53fc88ad,ell1,P0,fe2b80c79df9726c5846e8804f85ee968bdd3fcaf560cff2c751ec43429f6336,ea7868462f77a8f53f16d4d9f672e2074aa45749,true,2,elliptic-kaggle-v1,"{""baseline"":""lr"",""illicit_auc"":0.8812660608513107,""illicit_f1"":0.3022959183673469,""illicit_precision"":0.18269416072460976,""illicit_recall"":0.8753462603878116,""n_test"":16670,""n_test_illicit"":1083,""n_train"":29894,""test_window"":""35-49""}",1.17605,ell1 tabular floor: lr
2026-07-21T22:26:48.819254+00:00,ell1-20260721T222648Z-09bd6770,ell1,P0,ad4b83e77649c20c4aba19e892eebc6f9c99d02dc0fcded466aebf15777c1bd0,1f14cfa403f27f100544e0656652b3573e6b883e,false,0,elliptic-kaggle-v1,"{""baseline"":""rf"",""illicit_auc"":0.9396104585817158,""illicit_f1"":0.807235142118863,""illicit_precision"":0.9166666666666666,""illicit_recall"":0.7211449676823638,""n_test"":16670,""n_test_illicit"":1083,""n_train"":29894,""test_window"":""35-49""}",4.155753,ell1 tabular floor: rf
2026-07-21T22:26:53.067018+00:00,ell1-20260721T222653Z-c6117a2b,ell1,P0,2e0e7076f3fdee808a965dd2c1befdd59984e3993976cab2b1d43e5cb39ef6bf,1f14cfa403f27f100544e0656652b3573e6b883e,false,1,elliptic-kaggle-v1,"{""baseline"":""rf"",""illicit_auc"":0.9386668673689945,""illicit_f1"":0.8024691358024691,""illicit_precision"":0.9059233449477352,""illicit_recall"":0.7202216066481995,""n_test"":16670,""n_test_illicit"":1083,""n_train"":29894,""test_window"":""35-49""}",3.977533,ell1 tabular floor: rf
2026-07-21T22:26:57.135222+00:00,ell1-20260721T222657Z-d9e8778f,ell1,P0,11ae7d104a88ec63a30b401e7d66210bf9120b70888665c97ed2d914d6b10adc,1f14cfa403f27f100544e0656652b3573e6b883e,false,2,elliptic-kaggle-v1,"{""baseline"":""rf"",""illicit_auc"":0.939811516344592,""illicit_f1"":0.8078108941418294,""illicit_precision"":0.9107763615295481,""illicit_recall"":0.7257617728531855,""n_test"":16670,""n_test_illicit"":1083,""n_train"":29894,""test_window"":""35-49""}",4.002806,ell1 tabular floor: rf
2026-07-21T22:27:01.228861+00:00,ell1-20260721T222701Z-b96e4887,ell1,P0,c0809056e858f5beb8b2d3d62dcfde4f8b4329ef44fb0d9c2294cec1666beb22,1f14cfa403f27f100544e0656652b3573e6b883e,false,0,elliptic-kaggle-v1,"{""baseline"":""lr"",""illicit_auc"":0.8812660608513107,""illicit_f1"":0.3022959183673469,""illicit_precision"":0.18269416072460976,""illicit_recall"":0.8753462603878116,""n_test"":16670,""n_test_illicit"":1083,""n_train"":29894,""test_window"":""35-49""}",1.1209,ell1 tabular floor: lr
2026-07-21T22:27:02.441953+00:00,ell1-20260721T222702Z-999309e7,ell1,P0,c8b59bc943a08793f0410ad218e44676d820cca63743adff366e53c20e118b39,1f14cfa403f27f100544e0656652b3573e6b883e,false,1,elliptic-kaggle-v1,"{""baseline"":""lr"",""illicit_auc"":0.8812660608513107,""illicit_f1"":0.3022959183673469,""illicit_precision"":0.18269416072460976,""illicit_recall"":0.8753462603878116,""n_test"":16670,""n_test_illicit"":1083,""n_train"":29894,""test_window"":""35-49""}",1.110274,ell1 tabular floor: lr
2026-07-21T22:27:03.640017+00:00,ell1-20260721T222703Z-5333abfe,ell1,P0,fe2b80c79df9726c5846e8804f85ee968bdd3fcaf560cff2c751ec43429f6336,1f14cfa403f27f100544e0656652b3573e6b883e,false,2,elliptic-kaggle-v1,"{""baseline"":""lr"",""illicit_auc"":0.8812660608513107,""illicit_f1"":0.3022959183673469,""illicit_precision"":0.18269416072460976,""illicit_recall"":0.8753462603878116,""n_test"":16670,""n_test_illicit"":1083,""n_train"":29894,""test_window"":""35-49""}",1.114626,ell1 tabular floor: lr
2026-07-24T15:39:06.462569+00:00,ell1-20260724T153906Z-f27c91d8,ell1,P1,8cf1269f592179859039c0858e21a549dc259a9e9a7227cd66d64b944e20be70,e8f338ca52ea09cc10e54db3462beeb9b8f033ca,true,0,elliptic-kaggle-v1,"{""backbone"":""graphsage"",""illicit_auc"":0.9183534281503735,""illicit_f1"":0.6181499342393687,""illicit_precision"":0.5884808013355592,""illicit_recall"":0.6509695290858726,""n_test"":16670,""n_test_illicit"":1083,""n_train"":29894,""test_window"":""35-49""}",46.894744,ell1 gnn: graphsage
2026-07-24T15:39:53.467602+00:00,ell1-20260724T153953Z-20aca808,ell1,P1,0b9ab66eabe9d2a3a1f2843153e92fbc6efcfc2862180ab9e1617d973c40abc4,e8f338ca52ea09cc10e54db3462beeb9b8f033ca,true,1,elliptic-kaggle-v1,"{""backbone"":""graphsage"",""illicit_auc"":0.9167337698431246,""illicit_f1"":0.7131552917903067,""illicit_precision"":0.7678381256656017,""illicit_recall"":0.6657433056325023,""n_test"":16670,""n_test_illicit"":1083,""n_train"":29894,""test_window"":""35-49""}",45.459008,ell1 gnn: graphsage
2026-07-24T15:40:39.037462+00:00,ell1-20260724T154039Z-18da6851,ell1,P1,ba81ee456156266caf5cc73bb88d0c11e60cf1b06957c9121a83e0bbd1e0fa1a,e8f338ca52ea09cc10e54db3462beeb9b8f033ca,true,2,elliptic-kaggle-v1,"{""backbone"":""graphsage"",""illicit_auc"":0.9231429747580093,""illicit_f1"":0.7100050787201625,""illicit_precision"":0.7889390519187359,""illicit_recall"":0.6454293628808865,""n_test"":16670,""n_test_illicit"":1083,""n_train"":29894,""test_window"":""35-49""}",43.654101,ell1 gnn: graphsage
2026-07-24T15:41:22.809662+00:00,ell1-20260724T154122Z-ac9f0a00,ell1,P1,f90197efe59e6e53a1cf9d615bfc5bcb0bcee21575568292d05a995e860dfbc7,e8f338ca52ea09cc10e54db3462beeb9b8f033ca,true,0,elliptic-kaggle-v1,"{""backbone"":""gcn"",""illicit_auc"":0.9012473756304603,""illicit_f1"":0.6238791882963662,""illicit_precision"":0.638030888030888,""illicit_recall"":0.6103416435826408,""n_test"":16670,""n_test_illicit"":1083,""n_train"":29894,""test_window"":""35-49""}",52.357551,ell1 gnn: gcn
2026-07-24T15:42:15.331362+00:00,ell1-20260724T154215Z-e68fe075,ell1,P1,9eb9800e0ec019469ecb70572717c173f789e6a1ae129971ed8a1e3002f4089e,e8f338ca52ea09cc10e54db3462beeb9b8f033ca,true,1,elliptic-kaggle-v1,"{""backbone"":""gcn"",""illicit_auc"":0.9102121289724532,""illicit_f1"":0.6694045174537988,""illicit_precision"":0.753757225433526,""illicit_recall"":0.6020313942751616,""n_test"":16670,""n_test_illicit"":1083,""n_train"":29894,""test_window"":""35-49""}",50.958075,ell1 gnn: gcn
2026-07-24T15:43:06.419570+00:00,ell1-20260724T154306Z-93ce34cc,ell1,P1,4454e4632a4d6cdc6e0b21646b805c96d3c8f2c56ceb0fb413da153277a8b154,e8f338ca52ea09cc10e54db3462beeb9b8f033ca,true,2,elliptic-kaggle-v1,"{""backbone"":""gcn"",""illicit_auc"":0.9178315902502031,""illicit_f1"":0.6802356722013926,""illicit_precision"":0.8099489795918368,""illicit_recall"":0.5863342566943675,""n_test"":16670,""n_test_illicit"":1083,""n_train"":29894,""test_window"":""35-49""}",49.683247,ell1 gnn: gcn
2026-07-24T18:32:14.570719+00:00,ell1-20260724T183214Z-a0027115,ell1,P1,8cf1269f592179859039c0858e21a549dc259a9e9a7227cd66d64b944e20be70,2306fa4e2d57a92884db1398c3689c07ba08e85b,false,0,elliptic-kaggle-v1,"{""backbone"":""graphsage"",""illicit_auc"":0.9209592706377885,""illicit_f1"":0.6389910667367315,""illicit_precision"":0.7414634146341463,""illicit_recall"":0.5614035087719298,""n_test"":16670,""n_test_illicit"":1083,""n_train"":29894,""test_window"":""35-49""}",47.84505,ell1 gnn: graphsage
2026-07-24T18:33:02.529934+00:00,ell1-20260724T183302Z-3f5b51e8,ell1,P1,0b9ab66eabe9d2a3a1f2843153e92fbc6efcfc2862180ab9e1617d973c40abc4,2306fa4e2d57a92884db1398c3689c07ba08e85b,false,1,elliptic-kaggle-v1,"{""backbone"":""graphsage"",""illicit_auc"":0.9058592047105097,""illicit_f1"":0.6848209783156833,""illicit_precision"":0.7544444444444445,""illicit_recall"":0.6269621421975993,""n_test"":16670,""n_test_illicit"":1083,""n_train"":29894,""test_window"":""35-49""}",44.644945,ell1 gnn: graphsage
2026-07-24T18:33:47.291122+00:00,ell1-20260724T183347Z-518d36c9,ell1,P1,ba81ee456156266caf5cc73bb88d0c11e60cf1b06957c9121a83e0bbd1e0fa1a,2306fa4e2d57a92884db1398c3689c07ba08e85b,false,2,elliptic-kaggle-v1,"{""backbone"":""graphsage"",""illicit_auc"":0.9279244944573162,""illicit_f1"":0.7131492746841367,""illicit_precision"":0.7229601518026565,""illicit_recall"":0.703601108033241,""n_test"":16670,""n_test_illicit"":1083,""n_train"":29894,""test_window"":""35-49""}",44.013335,ell1 gnn: graphsage
2026-07-24T18:34:31.429771+00:00,ell1-20260724T183431Z-2b490f17,ell1,P1,f90197efe59e6e53a1cf9d615bfc5bcb0bcee21575568292d05a995e860dfbc7,2306fa4e2d57a92884db1398c3689c07ba08e85b,false,0,elliptic-kaggle-v1,"{""backbone"":""gcn"",""illicit_auc"":0.9154256503617352,""illicit_f1"":0.6751941525810873,""illicit_precision"":0.6681735985533453,""illicit_recall"":0.6823638042474608,""n_test"":16670,""n_test_illicit"":1083,""n_train"":29894,""test_window"":""35-49""}",50.078677,ell1 gnn: gcn
2026-07-24T18:35:21.652009+00:00,ell1-20260724T183521Z-2bb54922,ell1,P1,9eb9800e0ec019469ecb70572717c173f789e6a1ae129971ed8a1e3002f4089e,2306fa4e2d57a92884db1398c3689c07ba08e85b,false,1,elliptic-kaggle-v1,"{""backbone"":""gcn"",""illicit_auc"":0.8914886396143862,""illicit_f1"":0.5466275659824047,""illicit_precision"":0.7491961414790996,""illicit_recall"":0.43028624192059095,""n_test"":16670,""n_test_illicit"":1083,""n_train"":29894,""test_window"":""35-49""}",48.280404,ell1 gnn: gcn
2026-07-24T18:36:10.057469+00:00,ell1-20260724T183610Z-97c3148e,ell1,P1,4454e4632a4d6cdc6e0b21646b805c96d3c8f2c56ceb0fb413da153277a8b154,2306fa4e2d57a92884db1398c3689c07ba08e85b,false,2,elliptic-kaggle-v1,"{""backbone"":""gcn"",""illicit_auc"":0.9057203480822886,""illicit_f1"":0.6780684104627767,""illicit_precision"":0.7447513812154696,""illicit_recall"":0.6223453370267775,""n_test"":16670,""n_test_illicit"":1083,""n_train"":29894,""test_window"":""35-49""}",49.257786,ell1 gnn: gcn
2026-07-24T20:21:10.789488+00:00,ell1-20260724T202110Z-70e9fab9,ell1,P3,5f46529b4ae90a65aec6f5a244ccd570773d1042fb06193bfe49bf8dd86d365d,1ec45310c5ae5e3596d430749cbf550585eab164,true,0,elliptic-kaggle-v1,"{""backbone"":""graphsage"",""illicit_auc"":0.8935139677979393,""illicit_f1"":0.5345372460496614,""illicit_precision"":0.5229681978798587,""illicit_recall"":0.5466297322253001,""n_test"":16670,""n_test_illicit"":1083,""n_train"":29894,""test_window"":""35-49""}",49.854028,ell1 gnn: graphsage
2026-07-24T20:22:00.791496+00:00,ell1-20260724T202200Z-b986f3cf,ell1,P3,ef0198e99f2cb33aebbf1b03756df2fd9775a4c5fb34f40ccfdd3132e76459d1,1ec45310c5ae5e3596d430749cbf550585eab164,true,1,elliptic-kaggle-v1,"{""backbone"":""graphsage"",""illicit_auc"":0.9168788465848112,""illicit_f1"":0.7383720930232558,""illicit_precision"":0.7767584097859327,""illicit_recall"":0.703601108033241,""n_test"":16670,""n_test_illicit"":1083,""n_train"":29894,""test_window"":""35-49""}",48.184736,ell1 gnn: graphsage
2026-07-24T20:22:49.109566+00:00,ell1-20260724T202249Z-6cf330e0,ell1,P3,a18e67ac6c452bf2602aee6f7345eed0184d1889ec806f4d982ea9decdaa04df,1ec45310c5ae5e3596d430749cbf550585eab164,true,2,elliptic-kaggle-v1,"{""backbone"":""graphsage"",""illicit_auc"":0.9276277654254222,""illicit_f1"":0.7267960146827478,""illicit_precision"":0.8410194174757282,""illicit_recall"":0.6398891966759003,""n_test"":16670,""n_test_illicit"":1083,""n_train"":29894,""test_window"":""35-49""}",46.464221,ell1 gnn: graphsage
2026-07-24T20:23:35.705901+00:00,ell1-20260724T202335Z-398bd148,ell1,P3,95775b62ac8672b807e1a9480876d8636aebb073e415432d459addbcf5407dd9,1ec45310c5ae5e3596d430749cbf550585eab164,true,3,elliptic-kaggle-v1,"{""backbone"":""graphsage"",""illicit_auc"":0.9146997631203075,""illicit_f1"":0.6083984375,""illicit_precision"":0.6455958549222798,""illicit_recall"":0.5752539242843951,""n_test"":16670,""n_test_illicit"":1083,""n_train"":29894,""test_window"":""35-49""}",47.284197,ell1 gnn: graphsage
2026-07-24T20:24:23.117335+00:00,ell1-20260724T202423Z-2c0ac583,ell1,P3,5b3648c7710acb8f768d92908874b3238010c40aa82a095ece76e62371b1b25b,1ec45310c5ae5e3596d430749cbf550585eab164,true,4,elliptic-kaggle-v1,"{""backbone"":""graphsage"",""illicit_auc"":0.9391451052357301,""illicit_f1"":0.7533539731682146,""illicit_precision"":0.8538011695906432,""illicit_recall"":0.6740535549399815,""n_test"":16670,""n_test_illicit"":1083,""n_train"":29894,""test_window"":""35-49""}",46.208411,ell1 gnn: graphsage
2026-07-24T20:25:09.461984+00:00,ell1-20260724T202509Z-509ffaac,ell1,P3,09983c95afb1731177723b7c57766c2d3cd0d27083c00b4a83244d9863c04e19,1ec45310c5ae5e3596d430749cbf550585eab164,true,5,elliptic-kaggle-v1,"{""backbone"":""graphsage"",""illicit_auc"":0.9228905270100725,""illicit_f1"":0.6964187327823691,""illicit_precision"":0.8633879781420765,""illicit_recall"":0.5835641735918744,""n_test"":16670,""n_test_illicit"":1083,""n_train"":29894,""test_window"":""35-49""}",46.644801,ell1 gnn: graphsage
2026-07-24T20:25:56.298405+00:00,ell1-20260724T202556Z-dd66b643,ell1,P3,a5652d5d570a5e7f231ed09d11a8fd19359ee5e1ac956501e42ed67820e6f7b7,1ec45310c5ae5e3596d430749cbf550585eab164,true,0,elliptic-kaggle-v1,"{""backbone"":""graphsage"",""illicit_auc"":0.8728525872798917,""illicit_f1"":0.5822541966426859,""illicit_precision"":0.6057884231536926,""illicit_recall"":0.5604801477377654,""n_test"":16670,""n_test_illicit"":1083,""n_train"":29894,""test_window"":""35-49""}",45.722618,ell1 gnn: graphsage
2026-07-24T20:26:42.221221+00:00,ell1-20260724T202642Z-0399813a,ell1,P3,d5aa09fdcaa8368436e6adb1fdcff03d9a62d9bfc860df8f2b44832bf5ff3a3f,1ec45310c5ae5e3596d430749cbf550585eab164,true,1,elliptic-kaggle-v1,"{""backbone"":""graphsage"",""illicit_auc"":0.8817396188231534,""illicit_f1"":0.5546436285097193,""illicit_precision"":0.5211038961038961,""illicit_recall"":0.592797783933518,""n_test"":16670,""n_test_illicit"":1083,""n_train"":29894,""test_window"":""35-49""}",45.772955,ell1 gnn: graphsage
2026-07-24T20:27:28.237850+00:00,ell1-20260724T202728Z-84e21bdd,ell1,P3,ffbea4434b9472e38b48092a52d20ca03fac80aca6a89a42b73640e51d229ed9,1ec45310c5ae5e3596d430749cbf550585eab164,true,2,elliptic-kaggle-v1,"{""backbone"":""graphsage"",""illicit_auc"":0.8917170658765109,""illicit_f1"":0.6005115089514067,""illicit_precision"":0.6731651376146789,""illicit_recall"":0.5420129270544783,""n_test"":16670,""n_test_illicit"":1083,""n_train"":29894,""test_window"":""35-49""}",46.119435,ell1 gnn: graphsage
2026-07-24T20:28:14.576271+00:00,ell1-20260724T202814Z-d410a7a5,ell1,P3,87b535dc8f2ab0e00db1fc9b2936c49a57f908927d26e9af0ede697a09805b3c,1ec45310c5ae5e3596d430749cbf550585eab164,true,3,elliptic-kaggle-v1,"{""backbone"":""graphsage"",""illicit_auc"":0.8752725372334511,""illicit_f1"":0.5725490196078431,""illicit_precision"":0.7279202279202279,""illicit_recall"":0.47183748845798706,""n_test"":16670,""n_test_illicit"":1083,""n_train"":29894,""test_window"":""35-49""}",46.377084,ell1 gnn: graphsage
2026-07-24T20:29:01.192666+00:00,ell1-20260724T202901Z-a78eccd9,ell1,P3,1f4ac46fdecb82b5da2ff140ce3a08026580cea25f87d4e4e08c822f136f442e,1ec45310c5ae5e3596d430749cbf550585eab164,true,4,elliptic-kaggle-v1,"{""backbone"":""graphsage"",""illicit_auc"":0.8797876879784933,""illicit_f1"":0.5187878787878788,""illicit_precision"":0.46120689655172414,""illicit_recall"":0.592797783933518,""n_test"":16670,""n_test_illicit"":1083,""n_train"":29894,""test_window"":""35-49""}",46.07327,ell1 gnn: graphsage
2026-07-24T20:29:47.498367+00:00,ell1-20260724T202947Z-f7dc7b7b,ell1,P3,1fd0772a0b714e08419ed27ebab9b56b501865814e03303090d2a73b545de89b,1ec45310c5ae5e3596d430749cbf550585eab164,true,5,elliptic-kaggle-v1,"{""backbone"":""graphsage"",""illicit_auc"":0.8891727432732287,""illicit_f1"":0.5292991191114516,""illicit_precision"":0.45222513089005234,""illicit_recall"":0.6380424746075716,""n_test"":16670,""n_test_illicit"":1083,""n_train"":29894,""test_window"":""35-49""}",46.103052,ell1 gnn: graphsage
